-- 0002_seed_minimal.sql
-- Seed data with PHQ-9 and GAD-7 tests

-- ===================
-- PHQ-9 (Patient Health Questionnaire-9) - Depression Screening
-- ===================
INSERT INTO tests (id, name, description, category, warning) VALUES
(1, 'PHQ-9 - پرسشنامه سلامت بیمار', 
'پرسشنامه ۹ سوالی سلامت بیمار (PHQ-9) یکی از ابزارهای معتبر غربالگری افسردگی است. این پرسشنامه بر اساس معیارهای تشخیصی DSM-IV طراحی شده است.',
'افسردگی',
'⚠️ این تست صرفاً جنبه آموزشی و غربالگری دارد و جایگزین تشخیص پزشکی یا روان‌پزشکی نیست. در صورت نگرانی حتماً با متخصص مشورت کنید.');

-- PHQ-9 Scale
INSERT INTO scales (id, test_id, name, description) VALUES
(1, 1, 'نمره کل افسردگی', 'مجموع نمرات ۹ سوال PHQ-9');

-- PHQ-9 Questions
INSERT INTO questions (id, test_id, text, order_index) VALUES
(1, 1, 'کمبود علاقه یا لذت در انجام کارها', 1),
(2, 1, 'احساس افسردگی، ناامیدی یا بی‌ارزشی', 2),
(3, 1, 'مشکل در به خواب رفتن یا خواب ماندن، یا خواب زیاد', 3),
(4, 1, 'احساس خستگی یا کم‌انرژی بودن', 4),
(5, 1, 'کم‌اشتهایی یا پرخوری', 5),
(6, 1, 'احساس بد نسبت به خودتان - یا اینکه شکست‌خورده هستید یا خودتان یا خانواده‌تان را ناامید کرده‌اید', 6),
(7, 1, 'مشکل در تمرکز روی چیزها، مثل خواندن روزنامه یا تماشای تلویزیون', 7),
(8, 1, 'حرکت یا صحبت کردن به قدری آهسته که دیگران متوجه شده‌اند؟ یا برعکس - به قدری بی‌قرار یا بی‌تاب هستید که بیشتر از معمول حرکت می‌کنید', 8),
(9, 1, 'افکار مربوط به اینکه بهتر است بمیرید یا به نوعی به خودتان آسیب بزنید', 9);

-- PHQ-9 Options (same for all questions)
INSERT INTO options (id, question_id, text, score, order_index) VALUES
-- Question 1 options
(1, 1, 'اصلاً', 0, 0),
(2, 1, 'چند روز', 1, 1),
(3, 1, 'بیش از نیمی از روزها', 2, 2),
(4, 1, 'تقریباً هر روز', 3, 3),
-- Question 2 options
(5, 2, 'اصلاً', 0, 0),
(6, 2, 'چند روز', 1, 1),
(7, 2, 'بیش از نیمی از روزها', 2, 2),
(8, 2, 'تقریباً هر روز', 3, 3),
-- Question 3 options
(9, 3, 'اصلاً', 0, 0),
(10, 3, 'چند روز', 1, 1),
(11, 3, 'بیش از نیمی از روزها', 2, 2),
(12, 3, 'تقریباً هر روز', 3, 3),
-- Question 4 options
(13, 4, 'اصلاً', 0, 0),
(14, 4, 'چند روز', 1, 1),
(15, 4, 'بیش از نیمی از روزها', 2, 2),
(16, 4, 'تقریباً هر روز', 3, 3),
-- Question 5 options
(17, 5, 'اصلاً', 0, 0),
(18, 5, 'چند روز', 1, 1),
(19, 5, 'بیش از نیمی از روزها', 2, 2),
(20, 5, 'تقریباً هر روز', 3, 3),
-- Question 6 options
(21, 6, 'اصلاً', 0, 0),
(22, 6, 'چند روز', 1, 1),
(23, 6, 'بیش از نیمی از روزها', 2, 2),
(24, 6, 'تقریباً هر روز', 3, 3),
-- Question 7 options
(25, 7, 'اصلاً', 0, 0),
(26, 7, 'چند روز', 1, 1),
(27, 7, 'بیش از نیمی از روزها', 2, 2),
(28, 7, 'تقریباً هر روز', 3, 3),
-- Question 8 options
(29, 8, 'اصلاً', 0, 0),
(30, 8, 'چند روز', 1, 1),
(31, 8, 'بیش از نیمی از روزها', 2, 2),
(32, 8, 'تقریباً هر روز', 3, 3),
-- Question 9 options
(33, 9, 'اصلاً', 0, 0),
(34, 9, 'چند روز', 1, 1),
(35, 9, 'بیش از نیمی از روزها', 2, 2),
(36, 9, 'تقریباً هر روز', 3, 3);

-- PHQ-9 Question-Scale mapping
INSERT INTO question_scale_map (question_id, scale_id) VALUES
(1, 1), (2, 1), (3, 1), (4, 1), (5, 1), (6, 1), (7, 1), (8, 1), (9, 1);

-- PHQ-9 Cutoffs
INSERT INTO cutoffs (scale_id, min_score, max_score, label, description) VALUES
(1, 0, 4, 'حداقل یا بدون افسردگی', 'نمره شما در محدوده طبیعی است. علائم افسردگی قابل توجهی مشاهده نمی‌شود.'),
(1, 5, 9, 'افسردگی خفیف', 'علائم خفیف افسردگی وجود دارد. پیشنهاد می‌شود مراقبت از خود و سبک زندگی سالم را در نظر بگیرید.'),
(1, 10, 14, 'افسردگی متوسط', 'علائم متوسط افسردگی مشاهده می‌شود. مشاوره با متخصص توصیه می‌شود.'),
(1, 15, 19, 'افسردگی نسبتاً شدید', 'علائم قابل توجه افسردگی وجود دارد. مراجعه به روان‌پزشک یا روان‌شناس بالینی توصیه می‌شود.'),
(1, 20, 27, 'افسردگی شدید', 'علائم شدید افسردگی مشاهده می‌شود. مراجعه فوری به متخصص ضروری است.');

-- ===================
-- GAD-7 (Generalized Anxiety Disorder-7) - Anxiety Screening
-- ===================
INSERT INTO tests (id, name, description, category, warning) VALUES
(2, 'GAD-7 - پرسشنامه اضطراب فراگیر', 
'پرسشنامه ۷ سوالی اضطراب فراگیر (GAD-7) یکی از ابزارهای معتبر غربالگری اختلال اضطراب فراگیر است.',
'اضطراب',
'⚠️ این تست صرفاً جنبه آموزشی و غربالگری دارد و جایگزین تشخیص پزشکی یا روان‌پزشکی نیست. در صورت نگرانی حتماً با متخصص مشورت کنید.');

-- GAD-7 Scale
INSERT INTO scales (id, test_id, name, description) VALUES
(2, 2, 'نمره کل اضطراب', 'مجموع نمرات ۷ سوال GAD-7');

-- GAD-7 Questions
INSERT INTO questions (id, test_id, text, order_index) VALUES
(10, 2, 'احساس عصبانیت، اضطراب یا تنش', 1),
(11, 2, 'عدم توانایی در متوقف کردن یا کنترل نگرانی', 2),
(12, 2, 'نگرانی بیش از حد درباره چیزهای مختلف', 3),
(13, 2, 'مشکل در آرام گرفتن', 4),
(14, 2, 'بی‌قراری به حدی که نشستن در یک جا سخت است', 5),
(15, 2, 'به راحتی عصبانی یا تحریک‌پذیر شدن', 6),
(16, 2, 'احساس ترس، انگار چیز وحشتناکی قرار است اتفاق بیفتد', 7);

-- GAD-7 Options (same for all questions)
INSERT INTO options (id, question_id, text, score, order_index) VALUES
-- Question 10 options
(37, 10, 'اصلاً', 0, 0),
(38, 10, 'چند روز', 1, 1),
(39, 10, 'بیش از نیمی از روزها', 2, 2),
(40, 10, 'تقریباً هر روز', 3, 3),
-- Question 11 options
(41, 11, 'اصلاً', 0, 0),
(42, 11, 'چند روز', 1, 1),
(43, 11, 'بیش از نیمی از روزها', 2, 2),
(44, 11, 'تقریباً هر روز', 3, 3),
-- Question 12 options
(45, 12, 'اصلاً', 0, 0),
(46, 12, 'چند روز', 1, 1),
(47, 12, 'بیش از نیمی از روزها', 2, 2),
(48, 12, 'تقریباً هر روز', 3, 3),
-- Question 13 options
(49, 13, 'اصلاً', 0, 0),
(50, 13, 'چند روز', 1, 1),
(51, 13, 'بیش از نیمی از روزها', 2, 2),
(52, 13, 'تقریباً هر روز', 3, 3),
-- Question 14 options
(53, 14, 'اصلاً', 0, 0),
(54, 14, 'چند روز', 1, 1),
(55, 14, 'بیش از نیمی از روزها', 2, 2),
(56, 14, 'تقریباً هر روز', 3, 3),
-- Question 15 options
(57, 15, 'اصلاً', 0, 0),
(58, 15, 'چند روز', 1, 1),
(59, 15, 'بیش از نیمی از روزها', 2, 2),
(60, 15, 'تقریباً هر روز', 3, 3),
-- Question 16 options
(61, 16, 'اصلاً', 0, 0),
(62, 16, 'چند روز', 1, 1),
(63, 16, 'بیش از نیمی از روزها', 2, 2),
(64, 16, 'تقریباً هر روز', 3, 3);

-- GAD-7 Question-Scale mapping
INSERT INTO question_scale_map (question_id, scale_id) VALUES
(10, 2), (11, 2), (12, 2), (13, 2), (14, 2), (15, 2), (16, 2);

-- GAD-7 Cutoffs
INSERT INTO cutoffs (scale_id, min_score, max_score, label, description) VALUES
(2, 0, 4, 'حداقل اضطراب', 'نمره شما در محدوده طبیعی است. علائم اضطراب قابل توجهی مشاهده نمی‌شود.'),
(2, 5, 9, 'اضطراب خفیف', 'علائم خفیف اضطراب وجود دارد. تکنیک‌های آرام‌سازی و مدیریت استرس می‌تواند مفید باشد.'),
(2, 10, 14, 'اضطراب متوسط', 'علائم متوسط اضطراب مشاهده می‌شود. مشاوره با متخصص توصیه می‌شود.'),
(2, 15, 21, 'اضطراب شدید', 'علائم شدید اضطراب مشاهده می‌شود. مراجعه به روان‌پزشک یا روان‌شناس بالینی ضروری است.');
